sample_id	stage	cells	median_features	median_counts	median_percent_mt
e15	E15	11043	3367	13762	2.20455663006065
p1	P1	7404	3104	13037.5	1.82133650029808
p14	P14	3377	1869	5060	2.17432767499523
p28_1	P28	4467	723	1503	1.94575471698113
p28_2	P28	6330	610	1345.5	4.0086639912002
p28_3	P28	5375	715	1485	2.92553191489362
p7	P7	8959	2587	8508	1.99869224062772
