sample_id	stage	cells	median_features	median_counts	median_percent_mt
e15	E15	11245	3350	13644	2.22177661920995
p1	P1	7493	3091	12943	1.82809050772627
p14	P14	3445	1807	4687	2.20808383233533
p28_1	P28	4633	708	1489	2.05171444631816
p28_2	P28	7019	578	1304	4.70588235294118
p28_3	P28	6139	663	1434	3.82671480144404
p7	P7	9263	2544	8274	2.03070228454007
